Timestamp,X,Y
2019.05.10.03.43.30.555,416,79
2019.05.10.03.43.30.566,416,79
2019.05.10.03.43.30.586,416,79
2019.05.10.03.43.30.606,416,79
2019.05.10.03.43.30.628,416,79
2019.05.10.03.43.30.648,416,79
2019.05.10.03.43.30.667,416,79
2019.05.10.03.43.30.688,416,79
2019.05.10.03.43.30.707,416,79
2019.05.10.03.43.30.726,416,79
2019.05.10.03.43.30.747,416,79
2019.05.10.03.43.30.766,416,79
2019.05.10.03.43.30.787,416,79
2019.05.10.03.43.30.807,416,79
2019.05.10.03.43.30.827,416,79
2019.05.10.03.43.30.847,416,79
2019.05.10.03.43.30.866,416,79
2019.05.10.03.43.30.888,416,79
2019.05.10.03.43.30.907,416,79
2019.05.10.03.43.30.926,416,79
2019.05.10.03.43.30.946,416,79
2019.05.10.03.43.30.966,416,79
2019.05.10.03.43.30.987,416,79
2019.05.10.03.43.31.008,416,79
2019.05.10.03.43.31.027,416,79
2019.05.10.03.43.31.046,416,79
2019.05.10.03.43.31.067,416,79
2019.05.10.03.43.31.087,416,79
2019.05.10.03.43.31.106,416,79
2019.05.10.03.43.31.126,416,79
2019.05.10.03.43.31.147,416,79
2019.05.10.03.43.31.167,416,79
2019.05.10.03.43.31.187,416,79
2019.05.10.03.43.31.207,416,79
2019.05.10.03.43.31.227,420,86
2019.05.10.03.43.31.248,427,103
2019.05.10.03.43.31.267,437,125
2019.05.10.03.43.31.288,456,161
2019.05.10.03.43.31.308,474,194
2019.05.10.03.43.31.327,487,221
2019.05.10.03.43.31.348,499,240
2019.05.10.03.43.31.368,506,253
2019.05.10.03.43.31.387,511,259
2019.05.10.03.43.31.408,513,264
2019.05.10.03.43.31.428,516,267
2019.05.10.03.43.31.447,520,271
2019.05.10.03.43.31.467,524,274
2019.05.10.03.43.31.487,528,277
2019.05.10.03.43.31.507,534,279
2019.05.10.03.43.31.527,540,280
2019.05.10.03.43.31.547,545,280
2019.05.10.03.43.31.567,548,281
2019.05.10.03.43.31.588,550,281
2019.05.10.03.43.31.607,552,282
2019.05.10.03.43.31.627,555,284
2019.05.10.03.43.31.647,558,286
2019.05.10.03.43.31.668,561,286
2019.05.10.03.43.31.687,565,286
2019.05.10.03.43.31.708,567,285
2019.05.10.03.43.31.726,569,284
2019.05.10.03.43.31.748,572,281
2019.05.10.03.43.31.768,574,278
2019.05.10.03.43.31.787,576,274
2019.05.10.03.43.31.808,578,272
2019.05.10.03.43.31.828,578,271
2019.05.10.03.43.31.848,578,271
2019.05.10.03.43.31.867,578,270
2019.05.10.03.43.31.888,578,270
2019.05.10.03.43.31.906,578,270
2019.05.10.03.43.31.927,578,270
2019.05.10.03.43.31.947,578,270
2019.05.10.03.43.31.967,578,270
2019.05.10.03.43.31.986,578,270
2019.05.10.03.43.32.006,578,270
2019.05.10.03.43.32.027,578,270
2019.05.10.03.43.32.047,578,270
2019.05.10.03.43.32.068,578,270
2019.05.10.03.43.32.087,578,270
2019.05.10.03.43.32.108,578,270
2019.05.10.03.43.32.126,578,270
2019.05.10.03.43.32.146,578,270
2019.05.10.03.43.32.166,578,270
2019.05.10.03.43.32.187,578,270
2019.05.10.03.43.32.207,578,270
2019.05.10.03.43.32.227,578,270
2019.05.10.03.43.32.247,578,270
2019.05.10.03.43.32.266,578,270
2019.05.10.03.43.32.286,578,270
2019.05.10.03.43.32.307,578,270
2019.05.10.03.43.32.326,578,270
2019.05.10.03.43.32.347,578,270
2019.05.10.03.43.32.367,578,270
2019.05.10.03.43.32.387,578,270
2019.05.10.03.43.32.407,578,270
2019.05.10.03.43.32.426,578,270
2019.05.10.03.43.32.447,578,270
2019.05.10.03.43.32.466,578,270
2019.05.10.03.43.32.487,578,270
2019.05.10.03.43.32.506,578,270
2019.05.10.03.43.32.528,578,270
2019.05.10.03.43.32.547,578,270
2019.05.10.03.43.32.566,578,270
2019.05.10.03.43.32.587,578,270
2019.05.10.03.43.32.607,578,270
2019.05.10.03.43.32.627,578,270
2019.05.10.03.43.32.646,578,270
2019.05.10.03.43.32.667,578,270
2019.05.10.03.43.32.688,578,270
2019.05.10.03.43.32.708,578,270
2019.05.10.03.43.32.727,578,270
2019.05.10.03.43.32.748,578,270
2019.05.10.03.43.32.766,578,270
2019.05.10.03.43.32.788,578,270
2019.05.10.03.43.32.807,578,270
2019.05.10.03.43.32.826,578,270
2019.05.10.03.43.32.846,578,270
2019.05.10.03.43.32.867,578,270
2019.05.10.03.43.32.887,578,270
2019.05.10.03.43.32.906,578,270
2019.05.10.03.43.32.927,578,270
2019.05.10.03.43.32.948,578,270
2019.05.10.03.43.32.968,578,270
2019.05.10.03.43.32.986,578,270
2019.05.10.03.43.33.007,578,270
2019.05.10.03.43.33.028,578,270
2019.05.10.03.43.33.048,578,270
2019.05.10.03.43.33.068,578,270
2019.05.10.03.43.33.086,578,270
2019.05.10.03.43.33.106,578,270
2019.05.10.03.43.33.126,578,270
2019.05.10.03.43.33.147,578,270
2019.05.10.03.43.33.166,578,270
2019.05.10.03.43.33.187,578,270
2019.05.10.03.43.33.207,578,270
2019.05.10.03.43.33.226,578,270
2019.05.10.03.43.33.248,578,270
2019.05.10.03.43.33.268,578,270
2019.05.10.03.43.33.287,578,270
2019.05.10.03.43.33.306,578,270
2019.05.10.03.43.33.328,578,270
2019.05.10.03.43.33.347,578,270
2019.05.10.03.43.33.368,578,270
2019.05.10.03.43.33.387,578,270
2019.05.10.03.43.33.407,578,270
2019.05.10.03.43.33.427,578,270
2019.05.10.03.43.33.447,578,270
2019.05.10.03.43.33.467,578,270
2019.05.10.03.43.33.487,578,270
2019.05.10.03.43.33.506,578,270
2019.05.10.03.43.33.527,578,270
2019.05.10.03.43.33.547,578,270
2019.05.10.03.43.33.567,578,270
2019.05.10.03.43.33.587,578,270
2019.05.10.03.43.33.607,578,270
2019.05.10.03.43.33.627,578,270
2019.05.10.03.43.33.647,578,270
2019.05.10.03.43.33.668,578,270
2019.05.10.03.43.33.686,578,270
2019.05.10.03.43.33.706,578,270
2019.05.10.03.43.33.726,578,270
2019.05.10.03.43.33.747,578,270
2019.05.10.03.43.33.767,578,270
2019.05.10.03.43.33.786,578,270
2019.05.10.03.43.33.808,578,270
2019.05.10.03.43.33.827,578,269
2019.05.10.03.43.33.847,578,269
2019.05.10.03.43.33.866,578,269
2019.05.10.03.43.33.887,578,269
2019.05.10.03.43.33.907,578,269
2019.05.10.03.43.33.927,578,269
2019.05.10.03.43.33.947,578,269
2019.05.10.03.43.33.967,578,269
2019.05.10.03.43.33.987,578,269
2019.05.10.03.43.34.007,578,269
2019.05.10.03.43.34.027,578,269
2019.05.10.03.43.34.046,578,269
2019.05.10.03.43.34.067,578,269
2019.05.10.03.43.34.086,578,269
2019.05.10.03.43.34.107,578,269
2019.05.10.03.43.34.127,578,269
2019.05.10.03.43.34.147,578,269
2019.05.10.03.43.34.167,578,269
2019.05.10.03.43.34.187,578,269
2019.05.10.03.43.34.208,578,269
2019.05.10.03.43.34.226,578,269
2019.05.10.03.43.34.247,578,269
2019.05.10.03.43.34.268,578,269
2019.05.10.03.43.34.286,578,269
2019.05.10.03.43.34.307,578,269
2019.05.10.03.43.34.327,578,269
2019.05.10.03.43.34.348,578,269
2019.05.10.03.43.34.367,578,269
2019.05.10.03.43.34.387,578,269
2019.05.10.03.43.34.407,578,269
2019.05.10.03.43.34.427,578,269
2019.05.10.03.43.34.447,578,269
2019.05.10.03.43.34.467,578,269
2019.05.10.03.43.34.488,578,269
2019.05.10.03.43.34.508,578,269
2019.05.10.03.43.34.528,578,269
2019.05.10.03.43.34.547,578,269
2019.05.10.03.43.34.567,578,269
2019.05.10.03.43.34.586,578,269
2019.05.10.03.43.34.606,578,269
2019.05.10.03.43.34.627,578,269
2019.05.10.03.43.34.647,578,269
2019.05.10.03.43.34.666,578,269
2019.05.10.03.43.34.686,578,269
2019.05.10.03.43.34.706,578,269
2019.05.10.03.43.34.727,578,269
2019.05.10.03.43.34.747,578,269
2019.05.10.03.43.34.766,578,269
2019.05.10.03.43.34.787,578,269
2019.05.10.03.43.34.806,578,269
2019.05.10.03.43.34.828,578,269
2019.05.10.03.43.34.847,578,269
2019.05.10.03.43.34.866,578,269
2019.05.10.03.43.34.887,578,269
2019.05.10.03.43.34.906,578,269
2019.05.10.03.43.34.927,578,269
2019.05.10.03.43.34.948,578,269
2019.05.10.03.43.34.967,578,269
2019.05.10.03.43.34.986,578,269
2019.05.10.03.43.35.007,578,269
2019.05.10.03.43.35.027,578,269
2019.05.10.03.43.35.048,578,269
2019.05.10.03.43.35.066,578,269
2019.05.10.03.43.35.088,578,269
2019.05.10.03.43.35.107,578,269
2019.05.10.03.43.35.127,578,269
2019.05.10.03.43.35.147,578,269
2019.05.10.03.43.35.167,578,269
2019.05.10.03.43.35.186,578,269
2019.05.10.03.43.35.208,578,269
2019.05.10.03.43.35.227,578,269
2019.05.10.03.43.35.246,578,269
2019.05.10.03.43.35.267,578,269
2019.05.10.03.43.35.287,578,269
2019.05.10.03.43.35.307,578,269
2019.05.10.03.43.35.327,578,269
2019.05.10.03.43.35.346,578,269
2019.05.10.03.43.35.367,578,269
2019.05.10.03.43.35.388,578,269
2019.05.10.03.43.35.408,578,269
2019.05.10.03.43.35.427,578,269
2019.05.10.03.43.35.447,578,269
2019.05.10.03.43.35.467,578,269
2019.05.10.03.43.35.487,578,269
2019.05.10.03.43.35.507,578,269
2019.05.10.03.43.35.527,578,269
2019.05.10.03.43.35.546,578,269
2019.05.10.03.43.35.567,578,269
2019.05.10.03.43.35.588,578,269
2019.05.10.03.43.35.606,578,269
2019.05.10.03.43.35.628,578,269
2019.05.10.03.43.35.648,578,269
2019.05.10.03.43.35.667,578,269
2019.05.10.03.43.35.687,578,269
2019.05.10.03.43.35.707,578,269
2019.05.10.03.43.35.727,578,269
2019.05.10.03.43.35.747,578,269
2019.05.10.03.43.35.767,578,269
2019.05.10.03.43.35.786,578,269
2019.05.10.03.43.35.806,578,269
2019.05.10.03.43.35.828,578,269
2019.05.10.03.43.35.847,578,269
2019.05.10.03.43.35.866,578,269
2019.05.10.03.43.35.887,578,269
2019.05.10.03.43.35.907,581,269
2019.05.10.03.43.35.928,585,265
2019.05.10.03.43.35.947,594,262
2019.05.10.03.43.35.968,603,267
2019.05.10.03.43.35.988,605,271
2019.05.10.03.43.36.007,608,276
2019.05.10.03.43.36.027,611,287
2019.05.10.03.43.36.048,612,297
2019.05.10.03.43.36.067,614,303
2019.05.10.03.43.36.087,617,307
2019.05.10.03.43.36.107,620,311
2019.05.10.03.43.36.127,621,313
2019.05.10.03.43.36.148,621,313
2019.05.10.03.43.36.167,621,313
2019.05.10.03.43.36.186,621,313
2019.05.10.03.43.36.208,621,313
2019.05.10.03.43.36.226,621,313
2019.05.10.03.43.36.246,621,313
2019.05.10.03.43.36.267,621,313
2019.05.10.03.43.36.286,621,313
2019.05.10.03.43.36.307,623,313
2019.05.10.03.43.36.327,624,313
2019.05.10.03.43.36.347,626,314
2019.05.10.03.43.36.367,631,316
2019.05.10.03.43.36.387,637,318
2019.05.10.03.43.36.407,642,320
2019.05.10.03.43.36.428,643,320
2019.05.10.03.43.36.447,644,320
2019.05.10.03.43.36.466,644,320
2019.05.10.03.43.36.487,644,320
2019.05.10.03.43.36.507,644,320
2019.05.10.03.43.36.528,644,320
2019.05.10.03.43.36.546,644,320
2019.05.10.03.43.36.568,644,320
2019.05.10.03.43.36.586,644,320
2019.05.10.03.43.36.608,644,320
2019.05.10.03.43.36.627,644,320
2019.05.10.03.43.36.647,647,320
2019.05.10.03.43.36.667,650,319
2019.05.10.03.43.36.687,654,318
2019.05.10.03.43.36.708,660,318
2019.05.10.03.43.36.728,674,319
2019.05.10.03.43.36.748,694,332
2019.05.10.03.43.36.767,713,348
2019.05.10.03.43.36.786,729,367
2019.05.10.03.43.36.806,743,387
2019.05.10.03.43.36.826,757,403
2019.05.10.03.43.36.846,767,414
2019.05.10.03.43.36.867,773,419
2019.05.10.03.43.36.888,775,421
2019.05.10.03.43.36.908,775,421
2019.05.10.03.43.36.927,775,421
2019.05.10.03.43.36.946,775,421
2019.05.10.03.43.36.966,775,421
2019.05.10.03.43.36.987,775,421
2019.05.10.03.43.37.007,775,421
2019.05.10.03.43.37.027,775,421
2019.05.10.03.43.37.046,777,422
2019.05.10.03.43.37.068,780,422
2019.05.10.03.43.37.086,782,424
2019.05.10.03.43.37.106,788,428
2019.05.10.03.43.37.126,795,435
2019.05.10.03.43.37.146,802,442
2019.05.10.03.43.37.167,809,449
2019.05.10.03.43.37.187,813,455
2019.05.10.03.43.37.207,814,457
2019.05.10.03.43.37.227,814,457
2019.05.10.03.43.37.248,814,457
2019.05.10.03.43.37.267,814,457
2019.05.10.03.43.37.287,814,457
2019.05.10.03.43.37.307,814,457
2019.05.10.03.43.37.327,814,457
2019.05.10.03.43.37.347,814,457
2019.05.10.03.43.37.367,814,457
2019.05.10.03.43.37.386,814,457
2019.05.10.03.43.37.406,814,457
2019.05.10.03.43.37.426,815,457
2019.05.10.03.43.37.446,815,455
2019.05.10.03.43.37.466,815,453
2019.05.10.03.43.37.486,815,448
2019.05.10.03.43.37.508,815,439
2019.05.10.03.43.37.528,810,426
2019.05.10.03.43.37.548,804,408
2019.05.10.03.43.37.567,799,394
2019.05.10.03.43.37.588,792,379
2019.05.10.03.43.37.607,787,366
2019.05.10.03.43.37.628,783,349
2019.05.10.03.43.37.647,782,331
2019.05.10.03.43.37.667,782,316
2019.05.10.03.43.37.687,782,305
2019.05.10.03.43.37.707,784,293
2019.05.10.03.43.37.727,786,280
2019.05.10.03.43.37.747,791,265
2019.05.10.03.43.37.766,793,254
2019.05.10.03.43.37.786,795,246
2019.05.10.03.43.37.806,796,238
2019.05.10.03.43.37.828,796,227
2019.05.10.03.43.37.847,797,219
2019.05.10.03.43.37.866,798,214
2019.05.10.03.43.37.888,798,209
2019.05.10.03.43.37.907,798,204
2019.05.10.03.43.37.928,798,198
2019.05.10.03.43.37.947,798,193
2019.05.10.03.43.37.968,798,187
2019.05.10.03.43.37.989,799,182
2019.05.10.03.43.38.007,799,180
2019.05.10.03.43.38.026,799,178
2019.05.10.03.43.38.047,799,178
2019.05.10.03.43.38.067,799,178
2019.05.10.03.43.38.087,799,178
2019.05.10.03.43.38.107,799,178
2019.05.10.03.43.38.126,799,178
2019.05.10.03.43.38.147,799,178
2019.05.10.03.43.38.167,799,178
2019.05.10.03.43.38.186,799,178
2019.05.10.03.43.38.208,799,178
2019.05.10.03.43.38.227,799,178
2019.05.10.03.43.38.247,799,178
2019.05.10.03.43.38.267,799,178
2019.05.10.03.43.38.286,799,178
2019.05.10.03.43.38.307,799,178
2019.05.10.03.43.38.327,799,178
2019.05.10.03.43.38.347,799,178
2019.05.10.03.43.38.368,800,178
2019.05.10.03.43.38.387,800,178
2019.05.10.03.43.38.407,800,178
2019.05.10.03.43.38.427,800,178
2019.05.10.03.43.38.448,800,178
2019.05.10.03.43.38.468,800,178
2019.05.10.03.43.38.488,800,178
2019.05.10.03.43.38.507,800,178
2019.05.10.03.43.38.527,800,178
2019.05.10.03.43.38.547,800,178
2019.05.10.03.43.38.567,800,178
2019.05.10.03.43.38.587,800,178
2019.05.10.03.43.38.607,800,178
2019.05.10.03.43.38.628,800,178
2019.05.10.03.43.38.648,800,178
2019.05.10.03.43.38.668,800,178
2019.05.10.03.43.38.687,800,178
2019.05.10.03.43.38.707,800,178
2019.05.10.03.43.38.727,800,178
2019.05.10.03.43.38.747,800,178
2019.05.10.03.43.38.767,800,178
2019.05.10.03.43.38.787,800,178
2019.05.10.03.43.38.807,800,178
2019.05.10.03.43.38.826,800,178
2019.05.10.03.43.38.848,800,178
2019.05.10.03.43.38.867,800,178
2019.05.10.03.43.38.886,800,178
2019.05.10.03.43.38.907,800,178
2019.05.10.03.43.38.927,800,178
2019.05.10.03.43.38.946,800,178
2019.05.10.03.43.38.967,800,178
2019.05.10.03.43.38.986,800,178
2019.05.10.03.43.39.009,800,178
2019.05.10.03.43.39.026,800,178
2019.05.10.03.43.39.048,800,178
2019.05.10.03.43.39.067,800,178
2019.05.10.03.43.39.086,800,178
2019.05.10.03.43.39.106,800,178
2019.05.10.03.43.39.128,800,178
2019.05.10.03.43.39.147,800,178
2019.05.10.03.43.39.168,800,178
2019.05.10.03.43.39.188,800,178
2019.05.10.03.43.39.206,800,178
2019.05.10.03.43.39.228,800,178
2019.05.10.03.43.39.247,800,178
2019.05.10.03.43.39.267,800,178
2019.05.10.03.43.39.286,800,178
2019.05.10.03.43.39.306,800,178
2019.05.10.03.43.39.326,800,178
2019.05.10.03.43.39.346,800,178
2019.05.10.03.43.39.366,800,178
2019.05.10.03.43.39.386,800,178
2019.05.10.03.43.39.407,800,178
2019.05.10.03.43.39.427,800,178
2019.05.10.03.43.39.446,800,178
2019.05.10.03.43.39.466,800,178
2019.05.10.03.43.39.488,800,178
2019.05.10.03.43.39.506,800,178
2019.05.10.03.43.39.528,800,178
2019.05.10.03.43.39.548,800,178
2019.05.10.03.43.39.567,800,178
2019.05.10.03.43.39.587,800,178
2019.05.10.03.43.39.607,800,178
2019.05.10.03.43.39.626,800,178
2019.05.10.03.43.39.647,800,178
2019.05.10.03.43.39.667,800,178
2019.05.10.03.43.39.687,800,178
2019.05.10.03.43.39.708,800,178
2019.05.10.03.43.39.727,800,178
2019.05.10.03.43.39.747,800,178
2019.05.10.03.43.39.767,800,178
2019.05.10.03.43.39.787,800,178
2019.05.10.03.43.39.806,800,178
2019.05.10.03.43.39.826,800,178
2019.05.10.03.43.39.846,800,178
2019.05.10.03.43.39.866,800,178
2019.05.10.03.43.39.886,800,178
2019.05.10.03.43.39.906,800,178
2019.05.10.03.43.39.928,800,178
2019.05.10.03.43.39.948,800,178
2019.05.10.03.43.39.968,800,178
2019.05.10.03.43.39.988,800,178
2019.05.10.03.43.40.007,800,178
2019.05.10.03.43.40.027,800,178
2019.05.10.03.43.40.047,800,178
2019.05.10.03.43.40.067,800,178
2019.05.10.03.43.40.087,800,178
2019.05.10.03.43.40.107,800,178
2019.05.10.03.43.40.127,800,178
2019.05.10.03.43.40.147,800,178
2019.05.10.03.43.40.167,800,178
2019.05.10.03.43.40.186,800,178
2019.05.10.03.43.40.208,800,178
2019.05.10.03.43.40.227,800,178
2019.05.10.03.43.40.247,800,178
2019.05.10.03.43.40.267,800,178
2019.05.10.03.43.40.287,800,178
2019.05.10.03.43.40.307,800,178
2019.05.10.03.43.40.326,800,178
2019.05.10.03.43.40.347,800,178
2019.05.10.03.43.40.367,800,178
2019.05.10.03.43.40.387,800,178
2019.05.10.03.43.40.408,800,178
2019.05.10.03.43.40.427,800,178
2019.05.10.03.43.40.446,800,178
2019.05.10.03.43.40.467,800,178
2019.05.10.03.43.40.487,800,178
2019.05.10.03.43.40.508,800,178
2019.05.10.03.43.40.527,800,178
2019.05.10.03.43.40.546,800,178
2019.05.10.03.43.40.568,800,178
2019.05.10.03.43.40.587,800,178
2019.05.10.03.43.40.608,800,178
2019.05.10.03.43.40.627,800,178
2019.05.10.03.43.40.647,800,178
2019.05.10.03.43.40.667,800,178
2019.05.10.03.43.40.687,800,178
2019.05.10.03.43.40.707,800,178
2019.05.10.03.43.40.727,800,178
2019.05.10.03.43.40.746,800,178
2019.05.10.03.43.40.766,800,178
2019.05.10.03.43.40.786,800,178
2019.05.10.03.43.40.806,800,178
2019.05.10.03.43.40.826,800,178
2019.05.10.03.43.40.846,800,178
2019.05.10.03.43.40.866,800,178
2019.05.10.03.43.40.887,800,178
2019.05.10.03.43.40.907,800,178
2019.05.10.03.43.40.928,800,178
2019.05.10.03.43.40.946,800,178
2019.05.10.03.43.40.968,800,178
2019.05.10.03.43.40.987,800,178
2019.05.10.03.43.41.007,800,178
2019.05.10.03.43.41.026,800,178
2019.05.10.03.43.41.048,800,178
2019.05.10.03.43.41.068,800,178
2019.05.10.03.43.41.087,800,178
2019.05.10.03.43.41.108,800,178
2019.05.10.03.43.41.128,800,178
2019.05.10.03.43.41.147,800,178
2019.05.10.03.43.41.168,800,178
2019.05.10.03.43.41.188,800,178
2019.05.10.03.43.41.207,800,178
2019.05.10.03.43.41.227,800,178
2019.05.10.03.43.41.247,800,178
2019.05.10.03.43.41.267,800,178
2019.05.10.03.43.41.288,800,178
2019.05.10.03.43.41.306,800,178
2019.05.10.03.43.41.326,800,178
2019.05.10.03.43.41.346,800,178
2019.05.10.03.43.41.367,800,178
2019.05.10.03.43.41.388,800,178
2019.05.10.03.43.41.407,800,178
2019.05.10.03.43.41.427,800,178
2019.05.10.03.43.41.447,800,178
2019.05.10.03.43.41.466,800,178
2019.05.10.03.43.41.487,800,178
2019.05.10.03.43.41.507,800,178
2019.05.10.03.43.41.527,800,178
2019.05.10.03.43.41.547,800,178
2019.05.10.03.43.41.567,800,178
2019.05.10.03.43.41.587,800,178
2019.05.10.03.43.41.608,800,178
2019.05.10.03.43.41.627,800,178
2019.05.10.03.43.41.647,800,178
2019.05.10.03.43.41.668,800,178
2019.05.10.03.43.41.687,800,178
2019.05.10.03.43.41.707,800,178
2019.05.10.03.43.41.727,800,178
2019.05.10.03.43.41.747,800,178
2019.05.10.03.43.41.767,800,178
2019.05.10.03.43.41.786,800,178
2019.05.10.03.43.41.807,800,178
2019.05.10.03.43.41.828,800,178
2019.05.10.03.43.41.846,800,178
2019.05.10.03.43.41.866,800,178
2019.05.10.03.43.41.886,800,178
2019.05.10.03.43.41.906,800,178
2019.05.10.03.43.41.927,800,178
2019.05.10.03.43.41.947,800,178
2019.05.10.03.43.41.967,800,178
2019.05.10.03.43.41.986,800,178
2019.05.10.03.43.42.007,800,178
2019.05.10.03.43.42.027,800,178
2019.05.10.03.43.42.047,800,178
2019.05.10.03.43.42.067,800,178
2019.05.10.03.43.42.087,800,178
2019.05.10.03.43.42.107,800,178
2019.05.10.03.43.42.126,800,178
2019.05.10.03.43.42.147,800,178
2019.05.10.03.43.42.167,800,178
2019.05.10.03.43.42.187,800,178
2019.05.10.03.43.42.207,800,178
2019.05.10.03.43.42.227,800,178
2019.05.10.03.43.42.247,800,178
2019.05.10.03.43.42.267,800,178
2019.05.10.03.43.42.287,800,178
2019.05.10.03.43.42.307,800,178
2019.05.10.03.43.42.327,800,178
2019.05.10.03.43.42.347,800,178
2019.05.10.03.43.42.367,800,178
2019.05.10.03.43.42.387,800,178
2019.05.10.03.43.42.406,800,178
2019.05.10.03.43.42.427,800,178
2019.05.10.03.43.42.447,800,178
2019.05.10.03.43.42.467,800,178
2019.05.10.03.43.42.488,800,178
2019.05.10.03.43.42.506,800,178
2019.05.10.03.43.42.528,800,178
2019.05.10.03.43.42.548,800,178
2019.05.10.03.43.42.568,800,178
2019.05.10.03.43.42.587,800,178
2019.05.10.03.43.42.606,800,178
2019.05.10.03.43.42.627,800,178
2019.05.10.03.43.42.648,800,178
2019.05.10.03.43.42.667,800,178
2019.05.10.03.43.42.687,800,178
2019.05.10.03.43.42.707,800,178
2019.05.10.03.43.42.727,800,178
2019.05.10.03.43.42.747,800,178
2019.05.10.03.43.42.766,800,178
2019.05.10.03.43.42.787,800,178
2019.05.10.03.43.42.806,800,178
2019.05.10.03.43.42.827,800,178
2019.05.10.03.43.42.846,800,178
2019.05.10.03.43.42.868,801,178
2019.05.10.03.43.42.887,802,180
2019.05.10.03.43.42.907,804,183
2019.05.10.03.43.42.927,804,183
2019.05.10.03.43.42.947,804,183
2019.05.10.03.43.42.967,804,183
2019.05.10.03.43.42.988,804,183
2019.05.10.03.43.43.007,804,183
2019.05.10.03.43.43.028,804,183
2019.05.10.03.43.43.047,804,183
2019.05.10.03.43.43.067,804,183
2019.05.10.03.43.43.088,804,183
2019.05.10.03.43.43.107,804,183
2019.05.10.03.43.43.126,804,183
2019.05.10.03.43.43.146,804,183
2019.05.10.03.43.43.167,804,183
2019.05.10.03.43.43.188,804,184
2019.05.10.03.43.43.208,797,194
2019.05.10.03.43.43.227,785,214
2019.05.10.03.43.43.248,766,254
2019.05.10.03.43.43.267,752,291
2019.05.10.03.43.43.287,743,321
2019.05.10.03.43.43.307,741,339
2019.05.10.03.43.43.328,741,349
2019.05.10.03.43.43.346,741,354
2019.05.10.03.43.43.368,742,357
2019.05.10.03.43.43.386,742,357
2019.05.10.03.43.43.407,742,357
2019.05.10.03.43.43.427,742,357
2019.05.10.03.43.43.447,742,357
2019.05.10.03.43.43.466,742,357
2019.05.10.03.43.43.486,742,357
2019.05.10.03.43.43.506,742,357
2019.05.10.03.43.43.526,742,357
2019.05.10.03.43.43.546,742,357
2019.05.10.03.43.43.568,742,357
2019.05.10.03.43.43.588,742,357
2019.05.10.03.43.43.606,742,357
2019.05.10.03.43.43.626,742,357
2019.05.10.03.43.43.646,742,357
2019.05.10.03.43.43.667,742,357
2019.05.10.03.43.43.687,742,357
2019.05.10.03.43.43.707,742,357
2019.05.10.03.43.43.727,742,357
2019.05.10.03.43.43.746,742,357
2019.05.10.03.43.43.767,742,357
2019.05.10.03.43.43.788,742,357
2019.05.10.03.43.43.806,742,357
2019.05.10.03.43.43.827,742,357
2019.05.10.03.43.43.847,742,357
2019.05.10.03.43.43.867,742,357
2019.05.10.03.43.43.888,742,357
2019.05.10.03.43.43.908,742,357
2019.05.10.03.43.43.928,743,356
2019.05.10.03.43.43.947,744,353
2019.05.10.03.43.43.967,745,351
2019.05.10.03.43.43.988,745,351
2019.05.10.03.43.44.007,745,351
2019.05.10.03.43.44.027,745,351
2019.05.10.03.43.44.047,745,351
2019.05.10.03.43.44.066,745,351
2019.05.10.03.43.44.087,745,351
2019.05.10.03.43.44.107,745,351
2019.05.10.03.43.44.127,745,351
2019.05.10.03.43.44.147,745,351
2019.05.10.03.43.44.167,745,351
2019.05.10.03.43.44.187,745,351
2019.05.10.03.43.44.208,745,351
2019.05.10.03.43.44.227,745,351
2019.05.10.03.43.44.247,745,351
2019.05.10.03.43.44.266,745,350
2019.05.10.03.43.44.288,744,348
2019.05.10.03.43.44.307,742,347
2019.05.10.03.43.44.327,736,342
2019.05.10.03.43.44.348,726,332
2019.05.10.03.43.44.367,716,322
2019.05.10.03.43.44.386,708,313
2019.05.10.03.43.44.407,701,305
2019.05.10.03.43.44.426,695,299
2019.05.10.03.43.44.446,687,294
2019.05.10.03.43.44.466,681,290
2019.05.10.03.43.44.487,679,289
2019.05.10.03.43.44.507,679,289
2019.05.10.03.43.44.526,679,289
2019.05.10.03.43.44.548,678,289
2019.05.10.03.43.44.567,678,289
2019.05.10.03.43.44.587,676,293
2019.05.10.03.43.44.608,672,300
2019.05.10.03.43.44.628,669,307
2019.05.10.03.43.44.647,666,311
2019.05.10.03.43.44.668,665,313
2019.05.10.03.43.44.687,665,313
2019.05.10.03.43.44.706,665,313
2019.05.10.03.43.44.727,665,313
2019.05.10.03.43.44.746,665,313
2019.05.10.03.43.44.767,665,315
2019.05.10.03.43.44.786,665,315
2019.05.10.03.43.44.807,665,315
2019.05.10.03.43.44.828,665,315
2019.05.10.03.43.44.847,665,315
2019.05.10.03.43.44.866,665,315
2019.05.10.03.43.44.887,665,315
2019.05.10.03.43.44.907,666,315
2019.05.10.03.43.44.928,668,315
2019.05.10.03.43.44.948,669,315
2019.05.10.03.43.44.967,671,316
2019.05.10.03.43.44.987,673,316
2019.05.10.03.43.45.007,676,317
2019.05.10.03.43.45.026,680,317
2019.05.10.03.43.45.046,685,317
2019.05.10.03.43.45.066,685,317
2019.05.10.03.43.45.086,685,317
2019.05.10.03.43.45.107,685,317
2019.05.10.03.43.45.127,685,317
2019.05.10.03.43.45.147,685,318
2019.05.10.03.43.45.167,685,320
2019.05.10.03.43.45.186,685,321
2019.05.10.03.43.45.207,685,322
2019.05.10.03.43.45.226,685,325
2019.05.10.03.43.45.246,685,326
2019.05.10.03.43.45.266,684,326
2019.05.10.03.43.45.287,684,326
2019.05.10.03.43.45.307,684,326
2019.05.10.03.43.45.327,684,326
2019.05.10.03.43.45.347,684,326
2019.05.10.03.43.45.367,684,326
2019.05.10.03.43.45.387,684,326
2019.05.10.03.43.45.407,684,326
2019.05.10.03.43.45.427,684,326
2019.05.10.03.43.45.447,684,326
2019.05.10.03.43.45.467,684,326
2019.05.10.03.43.45.487,687,321
2019.05.10.03.43.45.506,694,311
2019.05.10.03.43.45.526,703,296
2019.05.10.03.43.45.546,713,284
2019.05.10.03.43.45.566,719,278
2019.05.10.03.43.45.586,721,274
2019.05.10.03.43.45.606,722,273
2019.05.10.03.43.45.628,722,272
2019.05.10.03.43.45.648,723,271
2019.05.10.03.43.45.667,723,271
2019.05.10.03.43.45.687,723,271
2019.05.10.03.43.45.707,723,271
2019.05.10.03.43.45.726,723,271
2019.05.10.03.43.45.747,723,271
2019.05.10.03.43.45.768,723,271
2019.05.10.03.43.45.787,723,271
2019.05.10.03.43.45.807,723,271
2019.05.10.03.43.45.827,723,271
2019.05.10.03.43.45.848,723,271
2019.05.10.03.43.45.866,723,271
2019.05.10.03.43.45.887,723,271
2019.05.10.03.43.45.907,723,271
2019.05.10.03.43.45.928,723,271
2019.05.10.03.43.45.947,723,271
2019.05.10.03.43.45.966,723,271
2019.05.10.03.43.45.988,723,271
2019.05.10.03.43.46.008,723,271
2019.05.10.03.43.46.026,723,271
2019.05.10.03.43.46.048,723,271
2019.05.10.03.43.46.066,723,271
2019.05.10.03.43.46.087,723,271
2019.05.10.03.43.46.107,723,271
2019.05.10.03.43.46.127,723,271
2019.05.10.03.43.46.147,723,271
2019.05.10.03.43.46.168,723,271
2019.05.10.03.43.46.188,723,271
2019.05.10.03.43.46.208,723,271
2019.05.10.03.43.46.227,723,271
2019.05.10.03.43.46.247,723,271
2019.05.10.03.43.46.267,723,271
2019.05.10.03.43.46.287,723,271
2019.05.10.03.43.46.308,723,271
2019.05.10.03.43.46.328,723,271
2019.05.10.03.43.46.347,723,271
2019.05.10.03.43.46.367,723,271
2019.05.10.03.43.46.387,723,271
2019.05.10.03.43.46.407,723,271
2019.05.10.03.43.46.426,723,271
2019.05.10.03.43.46.447,723,271
2019.05.10.03.43.46.467,723,271
2019.05.10.03.43.46.487,723,271
2019.05.10.03.43.46.508,723,271
2019.05.10.03.43.46.527,723,271
2019.05.10.03.43.46.547,723,271
2019.05.10.03.43.46.568,723,271
2019.05.10.03.43.46.587,723,271
2019.05.10.03.43.46.608,723,271
2019.05.10.03.43.46.628,723,271
2019.05.10.03.43.46.648,723,271
2019.05.10.03.43.46.667,723,271
2019.05.10.03.43.46.687,723,271
2019.05.10.03.43.46.707,723,271
2019.05.10.03.43.46.727,723,271
2019.05.10.03.43.46.747,723,271
2019.05.10.03.43.46.766,723,271
2019.05.10.03.43.46.786,723,271
2019.05.10.03.43.46.807,723,271
2019.05.10.03.43.46.827,723,271
2019.05.10.03.43.46.847,723,271
2019.05.10.03.43.46.867,723,271
2019.05.10.03.43.46.887,723,271
2019.05.10.03.43.46.906,723,271
2019.05.10.03.43.46.928,723,271
2019.05.10.03.43.46.948,723,271
2019.05.10.03.43.46.966,723,271
2019.05.10.03.43.46.987,723,271
2019.05.10.03.43.47.006,723,271
2019.05.10.03.43.47.027,723,271
2019.05.10.03.43.47.046,723,271
2019.05.10.03.43.47.067,723,271
2019.05.10.03.43.47.087,723,271
2019.05.10.03.43.47.107,723,271
2019.05.10.03.43.47.126,723,271
2019.05.10.03.43.47.148,723,271
2019.05.10.03.43.47.167,723,271
2019.05.10.03.43.47.187,723,271
2019.05.10.03.43.47.207,723,271
2019.05.10.03.43.47.227,723,271
2019.05.10.03.43.47.247,723,271
2019.05.10.03.43.47.267,723,271
2019.05.10.03.43.47.287,723,271
2019.05.10.03.43.47.306,723,271
2019.05.10.03.43.47.326,723,271
2019.05.10.03.43.47.347,723,271
2019.05.10.03.43.47.367,723,271
2019.05.10.03.43.47.387,723,271
2019.05.10.03.43.47.407,723,271
2019.05.10.03.43.47.428,723,271
2019.05.10.03.43.47.448,723,271
2019.05.10.03.43.47.467,723,271
2019.05.10.03.43.47.487,723,271
2019.05.10.03.43.47.506,723,271
2019.05.10.03.43.47.527,723,271
2019.05.10.03.43.47.548,723,271
2019.05.10.03.43.47.568,723,271
2019.05.10.03.43.47.587,723,271
2019.05.10.03.43.47.607,723,271
2019.05.10.03.43.47.627,723,271
2019.05.10.03.43.47.646,723,271
2019.05.10.03.43.47.668,723,271
2019.05.10.03.43.47.687,723,271
2019.05.10.03.43.47.706,723,271
2019.05.10.03.43.47.726,723,271
2019.05.10.03.43.47.748,723,271
2019.05.10.03.43.47.767,723,271
2019.05.10.03.43.47.787,723,271
2019.05.10.03.43.47.807,723,271
2019.05.10.03.43.47.828,723,271
2019.05.10.03.43.47.847,723,271
2019.05.10.03.43.47.868,723,271
2019.05.10.03.43.47.887,723,271
2019.05.10.03.43.47.907,723,271
2019.05.10.03.43.47.927,723,271
2019.05.10.03.43.47.947,723,271
2019.05.10.03.43.47.968,723,271
2019.05.10.03.43.47.986,723,271
2019.05.10.03.43.48.007,723,271
2019.05.10.03.43.48.027,723,271
2019.05.10.03.43.48.047,723,271
2019.05.10.03.43.48.067,723,271
2019.05.10.03.43.48.088,723,271
2019.05.10.03.43.48.107,723,271
2019.05.10.03.43.48.127,723,271
2019.05.10.03.43.48.147,723,271
2019.05.10.03.43.48.167,723,271
2019.05.10.03.43.48.187,723,271
2019.05.10.03.43.48.208,723,271
2019.05.10.03.43.48.226,723,271
2019.05.10.03.43.48.248,723,271
2019.05.10.03.43.48.267,723,271
2019.05.10.03.43.48.286,723,271
2019.05.10.03.43.48.307,723,271
2019.05.10.03.43.48.326,723,271
2019.05.10.03.43.48.346,723,271
2019.05.10.03.43.48.366,723,271
2019.05.10.03.43.48.386,723,271
2019.05.10.03.43.48.406,723,271
2019.05.10.03.43.48.427,723,271
2019.05.10.03.43.48.447,723,271
2019.05.10.03.43.48.467,723,271
2019.05.10.03.43.48.488,723,271
2019.05.10.03.43.48.507,723,271
2019.05.10.03.43.48.527,723,271
2019.05.10.03.43.48.546,723,271
2019.05.10.03.43.48.568,723,271
2019.05.10.03.43.48.587,723,271
2019.05.10.03.43.48.606,723,271
2019.05.10.03.43.48.628,723,271
2019.05.10.03.43.48.646,723,271
2019.05.10.03.43.48.667,723,271
2019.05.10.03.43.48.688,723,271
2019.05.10.03.43.48.707,723,271
2019.05.10.03.43.48.727,723,271
2019.05.10.03.43.48.747,723,271
2019.05.10.03.43.48.767,723,271
2019.05.10.03.43.48.787,723,271
2019.05.10.03.43.48.808,723,271
2019.05.10.03.43.48.827,723,271
2019.05.10.03.43.48.848,723,271
2019.05.10.03.43.48.866,723,271
2019.05.10.03.43.48.887,723,271
2019.05.10.03.43.48.907,723,271
2019.05.10.03.43.48.928,723,271
2019.05.10.03.43.48.947,723,271
2019.05.10.03.43.48.967,723,271
2019.05.10.03.43.48.987,723,271
2019.05.10.03.43.49.006,723,271
2019.05.10.03.43.49.027,723,271
2019.05.10.03.43.49.046,723,271
2019.05.10.03.43.49.067,723,271
2019.05.10.03.43.49.087,723,271
2019.05.10.03.43.49.107,723,271
2019.05.10.03.43.49.126,723,271
2019.05.10.03.43.49.147,723,271
2019.05.10.03.43.49.167,723,271
2019.05.10.03.43.49.186,723,271
2019.05.10.03.43.49.206,723,271
2019.05.10.03.43.49.227,723,271
2019.05.10.03.43.49.247,723,271
2019.05.10.03.43.49.268,723,271
2019.05.10.03.43.49.287,723,271
2019.05.10.03.43.49.307,723,271
2019.05.10.03.43.49.327,723,271
2019.05.10.03.43.49.347,723,271
2019.05.10.03.43.49.367,723,271
2019.05.10.03.43.49.387,723,271
2019.05.10.03.43.49.407,723,271
2019.05.10.03.43.49.427,723,271
2019.05.10.03.43.49.446,723,271
2019.05.10.03.43.49.467,723,271
2019.05.10.03.43.49.488,723,271
2019.05.10.03.43.49.508,723,271
2019.05.10.03.43.49.526,723,271
2019.05.10.03.43.49.546,723,271
2019.05.10.03.43.49.566,723,271
2019.05.10.03.43.49.588,723,271
2019.05.10.03.43.49.606,723,271
2019.05.10.03.43.49.626,723,271
2019.05.10.03.43.49.647,723,271
2019.05.10.03.43.49.667,723,271
2019.05.10.03.43.49.686,723,271
2019.05.10.03.43.49.708,723,271
2019.05.10.03.43.49.726,723,271
2019.05.10.03.43.49.747,723,271
2019.05.10.03.43.49.767,723,271
2019.05.10.03.43.49.787,723,271
2019.05.10.03.43.49.808,723,271
2019.05.10.03.43.49.826,723,271
2019.05.10.03.43.49.847,723,271
2019.05.10.03.43.49.868,723,271
2019.05.10.03.43.49.887,723,271
2019.05.10.03.43.49.907,723,271
2019.05.10.03.43.49.927,723,271
2019.05.10.03.43.49.947,723,271
2019.05.10.03.43.49.967,723,271
2019.05.10.03.43.49.987,723,271
2019.05.10.03.43.50.007,723,271
2019.05.10.03.43.50.027,723,271
2019.05.10.03.43.50.046,723,271
2019.05.10.03.43.50.066,723,271
2019.05.10.03.43.50.087,723,271
2019.05.10.03.43.50.107,723,271
2019.05.10.03.43.50.127,723,271
2019.05.10.03.43.50.146,737,261
2019.05.10.03.43.50.167,741,259
2019.05.10.03.43.50.187,750,256
2019.05.10.03.43.50.207,754,256
2019.05.10.03.43.50.227,757,256
2019.05.10.03.43.50.247,757,256
2019.05.10.03.43.50.268,757,256
2019.05.10.03.43.50.287,757,256
2019.05.10.03.43.50.307,757,256
2019.05.10.03.43.50.327,757,256
2019.05.10.03.43.50.347,757,256
2019.05.10.03.43.50.366,757,256
2019.05.10.03.43.50.387,755,256
2019.05.10.03.43.50.406,755,257
2019.05.10.03.43.50.427,755,257
2019.05.10.03.43.50.447,754,259
2019.05.10.03.43.50.467,751,269
2019.05.10.03.43.50.488,748,279
2019.05.10.03.43.50.507,746,289
2019.05.10.03.43.50.528,743,300
2019.05.10.03.43.50.547,741,312
2019.05.10.03.53.39.326,398,73
2019.05.10.03.53.39.338,398,73
2019.05.10.03.53.39.357,398,73
2019.05.10.03.53.39.377,398,73
2019.05.10.03.53.39.397,398,73
2019.05.10.03.53.39.417,398,73
2019.05.10.03.53.39.437,398,73
2019.05.10.03.53.39.456,398,73
2019.05.10.03.53.39.476,398,73
2019.05.10.03.53.39.498,400,78
2019.05.10.03.53.39.518,401,84
2019.05.10.03.53.39.538,407,96
2019.05.10.03.53.39.558,418,115
2019.05.10.03.53.39.578,440,140
2019.05.10.03.53.39.598,469,169
2019.05.10.03.53.39.617,496,195
2019.05.10.03.53.39.637,528,222
2019.05.10.03.53.39.657,550,239
2019.05.10.03.53.39.677,569,250
2019.05.10.03.53.39.697,582,255
2019.05.10.03.53.39.718,590,258
2019.05.10.03.53.39.737,594,260
2019.05.10.03.53.39.758,595,260
2019.05.10.03.53.39.777,595,260
2019.05.10.03.53.39.798,595,260
2019.05.10.03.53.39.816,595,260
2019.05.10.03.53.39.836,596,261
2019.05.10.03.53.39.858,600,264
2019.05.10.03.53.39.877,602,265
2019.05.10.03.53.39.898,603,266
2019.05.10.03.53.39.916,603,266
2019.05.10.03.53.39.937,603,266
2019.05.10.03.53.39.957,603,266
2019.05.10.03.53.39.977,603,266
2019.05.10.03.53.39.997,603,266
2019.05.10.03.53.40.016,603,266
2019.05.10.03.53.40.036,603,266
2019.05.10.03.53.40.058,603,266
2019.05.10.03.53.40.078,603,266
2019.05.10.03.53.40.097,603,266
2019.05.10.03.53.40.116,603,266
2019.05.10.03.53.40.137,603,266
2019.05.10.03.53.40.157,603,266
2019.05.10.03.53.40.177,603,266
2019.05.10.03.53.40.198,603,266
2019.05.10.03.53.40.218,603,266
2019.05.10.03.53.40.237,603,266
2019.05.10.03.53.40.257,603,266
2019.05.10.03.53.40.277,603,266
2019.05.10.03.53.40.297,603,266
2019.05.10.03.53.40.317,603,266
2019.05.10.03.53.40.337,603,266
2019.05.10.03.53.40.357,603,266
2019.05.10.03.53.40.377,603,266
2019.05.10.03.53.40.397,603,266
2019.05.10.03.53.40.418,603,266
2019.05.10.03.53.40.437,603,266
2019.05.10.03.53.40.457,603,266
2019.05.10.03.53.40.477,603,266
2019.05.10.03.53.40.497,603,266
2019.05.10.03.53.40.518,603,266
2019.05.10.03.53.40.537,603,266
2019.05.10.03.53.40.557,603,266
2019.05.10.03.53.40.577,603,266
2019.05.10.03.53.40.597,603,266
2019.05.10.03.53.40.617,603,266
2019.05.10.03.53.40.638,603,266
2019.05.10.03.53.40.657,603,266
2019.05.10.03.53.40.677,603,266
2019.05.10.03.53.40.697,603,266
2019.05.10.03.53.40.717,603,266
2019.05.10.03.53.40.737,603,266
2019.05.10.03.53.40.757,603,266
2019.05.10.03.53.40.776,603,266
2019.05.10.03.53.40.797,603,266
2019.05.10.03.53.40.817,603,266
2019.05.10.03.53.40.837,603,266
2019.05.10.03.53.40.858,603,266
2019.05.10.03.53.40.877,603,266
2019.05.10.03.53.40.896,603,266
2019.05.10.03.53.40.917,603,266
2019.05.10.03.53.40.936,603,266
2019.05.10.03.53.40.957,603,266
2019.05.10.03.53.40.977,603,266
2019.05.10.03.53.40.997,603,266
2019.05.10.03.53.41.017,603,266
2019.05.10.03.53.41.038,603,266
2019.05.10.03.53.41.057,603,266
2019.05.10.03.53.41.077,603,266
2019.05.10.03.53.41.097,603,266
2019.05.10.03.53.41.117,603,266
2019.05.10.03.53.41.138,603,266
2019.05.10.03.53.41.157,603,266
2019.05.10.03.53.41.177,603,266
2019.05.10.03.53.41.198,603,266
2019.05.10.03.53.41.218,603,266
2019.05.10.03.53.41.238,603,266
2019.05.10.03.53.41.257,603,266
2019.05.10.03.53.41.278,603,266
2019.05.10.03.53.41.297,603,266
2019.05.10.03.53.41.317,603,266
2019.05.10.03.53.41.337,603,266
2019.05.10.03.53.41.357,603,266
2019.05.10.03.53.41.377,603,266
2019.05.10.03.53.41.397,603,266
2019.05.10.03.53.41.417,603,266
2019.05.10.03.53.41.437,603,266
2019.05.10.03.53.41.456,603,266
2019.05.10.03.53.41.476,603,266
2019.05.10.03.53.41.496,603,266
2019.05.10.03.53.41.518,603,266
2019.05.10.03.53.41.538,603,266
2019.05.10.03.53.41.557,603,266
2019.05.10.03.53.41.576,603,266
2019.05.10.03.53.41.596,603,266
2019.05.10.03.53.41.616,603,266
2019.05.10.03.53.41.638,603,266
2019.05.10.03.53.41.658,603,266
2019.05.10.03.53.41.677,603,266
2019.05.10.03.53.41.697,603,266
2019.05.10.03.53.41.717,603,266
2019.05.10.03.53.41.738,603,266
2019.05.10.03.53.41.758,603,266
2019.05.10.03.53.41.778,603,266
2019.05.10.03.53.41.796,603,266
2019.05.10.03.53.41.817,603,266
2019.05.10.03.53.41.837,603,266
2019.05.10.03.53.41.857,603,266
2019.05.10.03.53.41.877,603,266
2019.05.10.03.53.41.897,603,266
2019.05.10.03.53.41.917,603,266
2019.05.10.03.53.41.937,603,266
2019.05.10.03.53.41.958,603,266
2019.05.10.03.53.41.977,603,266
2019.05.10.03.53.41.996,603,266
2019.05.10.03.53.42.018,603,266
2019.05.10.03.53.42.038,603,266
2019.05.10.03.53.42.056,603,266
2019.05.10.03.53.42.077,603,266
2019.05.10.03.53.42.097,603,266
2019.05.10.03.53.42.117,603,266
2019.05.10.03.53.42.137,603,266
2019.05.10.03.53.42.157,603,266
2019.05.10.03.53.42.177,603,266
2019.05.10.03.53.42.198,603,266
2019.05.10.03.53.42.218,604,266
2019.05.10.03.53.42.238,614,262
2019.05.10.03.53.42.257,620,259
2019.05.10.03.53.42.277,626,257
2019.05.10.03.53.42.297,633,255
2019.05.10.03.53.42.316,634,255
2019.05.10.03.53.42.337,634,255
2019.05.10.03.53.42.357,634,255
2019.05.10.03.53.42.378,634,255
2019.05.10.03.53.42.396,634,255
2019.05.10.03.53.42.417,634,255
2019.05.10.03.53.42.437,634,255
2019.05.10.03.53.42.456,634,255
2019.05.10.03.53.42.477,634,254
2019.05.10.03.53.42.497,632,254
2019.05.10.03.53.42.517,630,253
2019.05.10.03.53.42.538,622,252
2019.05.10.03.53.42.557,620,252
2019.05.10.03.53.42.578,620,257
2019.05.10.03.53.42.597,622,268
2019.05.10.03.53.42.617,627,281
2019.05.10.03.53.42.638,633,291
2019.05.10.03.53.42.658,638,298
2019.05.10.03.53.42.678,641,301
2019.05.10.03.53.42.697,642,302
2019.05.10.03.53.42.717,643,302
2019.05.10.03.53.42.737,643,302
2019.05.10.03.53.42.756,643,302
2019.05.10.03.53.42.778,643,302
2019.05.10.03.53.42.798,643,302
2019.05.10.03.53.42.818,643,304
2019.05.10.03.53.42.837,643,307
2019.05.10.03.53.42.857,643,310
2019.05.10.03.53.42.877,644,311
2019.05.10.03.53.42.897,645,313
2019.05.10.03.53.42.917,645,315
2019.05.10.03.53.42.937,645,316
2019.05.10.03.53.42.957,645,316
2019.05.10.03.53.42.977,645,316
2019.05.10.03.53.42.997,645,316
2019.05.10.03.53.43.017,645,316
2019.05.10.03.53.43.037,645,316
2019.05.10.03.53.43.057,645,316
2019.05.10.03.53.43.077,645,316
2019.05.10.03.53.43.097,645,316
2019.05.10.03.53.43.117,646,316
2019.05.10.03.53.43.137,647,313
2019.05.10.03.53.43.158,652,305
2019.05.10.03.53.43.178,656,297
2019.05.10.03.53.43.197,661,286
2019.05.10.03.53.43.217,666,272
2019.05.10.03.53.43.238,675,256
2019.05.10.03.53.43.257,683,245
2019.05.10.03.53.43.278,696,230
2019.05.10.03.53.43.298,711,217
2019.05.10.03.53.43.317,724,208
2019.05.10.03.53.43.337,740,199
2019.05.10.03.53.43.358,752,192
2019.05.10.03.53.43.378,760,189
2019.05.10.03.53.43.397,763,188
2019.05.10.03.53.43.417,763,188
2019.05.10.03.53.43.438,763,188
2019.05.10.03.53.43.456,763,188
2019.05.10.03.53.43.477,765,188
2019.05.10.03.53.43.497,767,191
2019.05.10.03.53.43.517,772,199
2019.05.10.03.53.43.538,779,214
2019.05.10.03.53.43.557,786,233
2019.05.10.03.53.43.577,793,261
2019.05.10.03.53.43.597,807,304
2019.05.10.03.53.43.618,815,348
2019.05.10.03.53.43.640,817,375
2019.05.10.03.53.43.658,823,412
2019.05.10.03.53.43.677,825,428
2019.05.10.03.53.43.697,826,436
2019.05.10.03.53.43.718,826,440
2019.05.10.03.53.43.737,827,442
2019.05.10.03.53.43.756,828,443
2019.05.10.03.53.43.777,828,444
2019.05.10.03.53.43.797,828,445
2019.05.10.03.53.43.818,828,445
2019.05.10.03.53.43.838,828,445
2019.05.10.03.53.43.856,828,446
2019.05.10.03.53.43.877,828,446
2019.05.10.03.53.43.897,828,446
2019.05.10.03.53.43.917,828,446
2019.05.10.03.53.43.937,828,446
2019.05.10.03.53.43.957,828,446
2019.05.10.03.53.43.976,828,446
2019.05.10.03.53.43.997,828,446
2019.05.10.03.53.44.017,828,446
2019.05.10.03.53.44.038,828,446
2019.05.10.03.53.44.057,828,446
2019.05.10.03.53.44.077,828,443
2019.05.10.03.53.44.097,830,436
2019.05.10.03.53.44.117,832,424
2019.05.10.03.53.44.137,833,406
2019.05.10.03.53.44.157,833,376
2019.05.10.03.53.44.178,833,333
2019.05.10.03.53.44.197,835,277
2019.05.10.03.53.44.218,837,210
2019.05.10.03.53.44.237,839,169
2019.05.10.03.53.44.258,840,151
2019.05.10.03.53.44.276,841,140
2019.05.10.03.53.44.298,842,130
2019.05.10.03.53.44.317,843,126
2019.05.10.03.53.44.338,844,125
2019.05.10.03.53.44.357,844,125
2019.05.10.03.53.44.376,844,125
2019.05.10.03.53.44.397,844,125
2019.05.10.03.53.44.416,844,125
2019.05.10.03.53.44.438,845,126
2019.05.10.03.53.44.457,845,131
2019.05.10.03.53.44.478,840,141
2019.05.10.03.53.44.498,835,148
2019.05.10.03.53.44.517,832,152
2019.05.10.03.53.44.537,830,155
2019.05.10.03.53.44.557,830,156
2019.05.10.03.53.44.578,830,157
2019.05.10.03.53.44.597,829,158
2019.05.10.03.53.44.616,829,159
2019.05.10.03.53.44.637,829,159
2019.05.10.03.53.44.657,829,159
2019.05.10.03.53.44.676,829,159
2019.05.10.03.53.44.698,829,159
2019.05.10.03.53.44.717,829,159
2019.05.10.03.53.44.737,829,159
2019.05.10.03.53.44.757,829,159
2019.05.10.03.53.44.777,829,159
2019.05.10.03.53.44.797,829,159
2019.05.10.03.53.44.816,829,159
2019.05.10.03.53.44.837,829,159
2019.05.10.03.53.44.857,829,159
2019.05.10.03.53.44.877,829,159
2019.05.10.03.53.44.897,829,159
2019.05.10.03.53.44.917,829,159
2019.05.10.03.53.44.936,829,159
2019.05.10.03.53.44.956,829,159
2019.05.10.03.53.44.976,829,159
2019.05.10.03.53.44.997,829,159
2019.05.10.03.53.45.017,829,159
2019.05.10.03.53.45.037,829,159
2019.05.10.03.53.45.057,829,159
2019.05.10.03.53.45.077,829,159
2019.05.10.03.53.45.096,829,159
2019.05.10.03.53.45.117,829,159
2019.05.10.03.53.45.136,829,159
2019.05.10.03.53.45.158,829,159
2019.05.10.03.53.45.177,829,159
2019.05.10.03.53.45.197,829,159
2019.05.10.03.53.45.217,829,159
2019.05.10.03.53.45.237,829,159
2019.05.10.03.53.45.258,829,159
2019.05.10.03.53.45.276,829,159
2019.05.10.03.53.45.298,829,159
2019.05.10.03.53.45.317,829,159
2019.05.10.03.53.45.337,829,159
2019.05.10.03.53.45.356,829,159
2019.05.10.03.53.45.376,829,159
2019.05.10.03.53.45.396,829,159
2019.05.10.03.53.45.417,829,159
2019.05.10.03.53.45.437,829,159
2019.05.10.03.53.45.457,829,159
2019.05.10.03.53.45.477,829,159
2019.05.10.03.53.45.496,829,159
2019.05.10.03.53.45.517,829,159
2019.05.10.03.53.45.537,829,159
2019.05.10.03.53.45.556,829,159
2019.05.10.03.53.45.578,829,159
2019.05.10.03.53.45.597,829,159
2019.05.10.03.53.45.618,829,159
2019.05.10.03.53.45.637,829,159
2019.05.10.03.53.45.657,829,159
2019.05.10.03.53.45.677,829,159
2019.05.10.03.53.45.697,829,159
2019.05.10.03.53.45.716,829,159
2019.05.10.03.53.45.737,829,159
2019.05.10.03.53.45.758,829,159
2019.05.10.03.53.45.777,829,159
2019.05.10.03.53.45.798,829,159
2019.05.10.03.53.45.817,829,159
2019.05.10.03.53.45.838,829,159
2019.05.10.03.53.45.857,829,159
2019.05.10.03.53.45.877,829,159
2019.05.10.03.53.45.897,829,159
2019.05.10.03.53.45.917,829,159
2019.05.10.03.53.45.937,829,159
2019.05.10.03.53.45.956,829,159
2019.05.10.03.53.45.976,829,159
2019.05.10.03.53.45.997,829,159
2019.05.10.03.53.46.018,829,159
2019.05.10.03.53.46.038,829,159
2019.05.10.03.53.46.056,829,159
2019.05.10.03.53.46.076,829,159
2019.05.10.03.53.46.096,829,159
2019.05.10.03.53.46.117,829,159
2019.05.10.03.53.46.137,829,159
2019.05.10.03.53.46.156,829,159
2019.05.10.03.53.46.177,829,159
2019.05.10.03.53.46.196,829,159
2019.05.10.03.53.46.217,829,159
2019.05.10.03.53.46.236,829,159
2019.05.10.03.53.46.258,829,159
2019.05.10.03.53.46.277,829,159
2019.05.10.03.53.46.296,829,159
2019.05.10.03.53.46.317,829,159
2019.05.10.03.53.46.337,829,159
2019.05.10.03.53.46.357,829,159
2019.05.10.03.53.46.377,829,159
2019.05.10.03.53.46.397,829,159
2019.05.10.03.53.46.418,829,159
2019.05.10.03.53.46.437,829,159
2019.05.10.03.53.46.457,829,159
2019.05.10.03.53.46.476,829,159
2019.05.10.03.53.46.498,829,159
2019.05.10.03.53.46.517,829,159
2019.05.10.03.53.46.538,829,159
2019.05.10.03.53.46.557,829,159
2019.05.10.03.53.46.576,829,159
2019.05.10.03.53.46.597,829,159
2019.05.10.03.53.46.617,829,159
2019.05.10.03.53.46.636,829,159
2019.05.10.03.53.46.656,829,159
2019.05.10.03.53.46.677,829,159
2019.05.10.03.53.46.696,829,159
2019.05.10.03.53.46.718,829,159
2019.05.10.03.53.46.737,829,159
2019.05.10.03.53.46.757,829,159
2019.05.10.03.53.46.777,829,159
2019.05.10.03.53.46.798,829,159
2019.05.10.03.53.46.818,829,159
2019.05.10.03.53.46.837,829,159
2019.05.10.03.53.46.857,829,159
2019.05.10.03.53.46.876,829,159
2019.05.10.03.53.46.898,829,159
2019.05.10.03.53.46.918,829,159
2019.05.10.03.53.46.939,829,159
2019.05.10.03.53.46.957,829,159
2019.05.10.03.53.46.978,829,159
2019.05.10.03.53.46.998,829,159
2019.05.10.03.53.47.016,829,159
2019.05.10.03.53.47.037,829,159
2019.05.10.03.53.47.057,829,159
2019.05.10.03.53.47.077,829,159
2019.05.10.03.53.47.097,829,159
2019.05.10.03.53.47.117,829,159
2019.05.10.03.53.47.137,829,159
2019.05.10.03.53.47.157,829,159
2019.05.10.03.53.47.178,829,159
2019.05.10.03.53.47.197,829,159
2019.05.10.03.53.47.217,829,159
2019.05.10.03.53.47.237,829,159
2019.05.10.03.53.47.258,829,159
2019.05.10.03.53.47.278,829,159
2019.05.10.03.53.47.297,829,159
2019.05.10.03.53.47.318,829,159
2019.05.10.03.53.47.337,829,159
2019.05.10.03.53.47.357,829,159
2019.05.10.03.53.47.377,829,159
2019.05.10.03.53.47.397,829,159
2019.05.10.03.53.47.417,829,159
2019.05.10.03.53.47.436,829,159
2019.05.10.03.53.47.456,829,159
2019.05.10.03.53.47.476,829,159
2019.05.10.03.53.47.496,829,159
2019.05.10.03.53.47.516,829,159
2019.05.10.03.53.47.536,829,159
2019.05.10.03.53.47.558,829,159
2019.05.10.03.53.47.577,829,159
2019.05.10.03.53.47.598,829,159
2019.05.10.03.53.47.617,829,159
2019.05.10.03.53.47.637,829,159
2019.05.10.03.53.47.658,829,159
2019.05.10.03.53.47.678,829,159
2019.05.10.03.53.47.696,829,159
2019.05.10.03.53.47.716,829,159
2019.05.10.03.53.47.737,829,159
2019.05.10.03.53.47.757,829,159
2019.05.10.03.53.47.777,829,159
2019.05.10.03.53.47.798,829,159
2019.05.10.03.53.47.818,829,159
2019.05.10.03.53.47.837,829,159
2019.05.10.03.53.47.858,829,159
2019.05.10.03.53.47.876,829,159
2019.05.10.03.53.47.898,829,159
2019.05.10.03.53.47.916,829,159
2019.05.10.03.53.47.936,829,159
2019.05.10.03.53.47.957,829,159
2019.05.10.03.53.47.977,829,159
2019.05.10.03.53.47.998,829,159
2019.05.10.03.53.48.017,829,159
2019.05.10.03.53.48.036,829,159
2019.05.10.03.53.48.056,829,159
2019.05.10.03.53.48.077,828,159
2019.05.10.03.53.48.098,819,155
2019.05.10.03.53.48.118,796,148
2019.05.10.03.53.48.137,760,138
2019.05.10.03.53.48.157,730,131
2019.05.10.03.53.48.176,719,130
2019.05.10.03.53.48.197,719,130
2019.05.10.03.53.48.217,720,131
2019.05.10.03.53.48.237,722,133
2019.05.10.03.53.48.258,727,144
2019.05.10.03.53.48.277,737,173
2019.05.10.03.53.48.298,751,222
2019.05.10.03.53.48.317,765,270
2019.05.10.03.53.48.337,775,308
2019.05.10.03.53.48.358,777,330
2019.05.10.03.53.48.377,776,343
2019.05.10.03.53.48.397,775,352
2019.05.10.03.53.48.417,775,358
2019.05.10.03.53.48.436,775,358
2019.05.10.03.53.48.456,775,358
2019.05.10.03.53.48.477,775,358
2019.05.10.03.53.48.497,775,358
2019.05.10.03.53.48.518,775,360
2019.05.10.03.53.48.538,774,363
2019.05.10.03.53.48.557,772,366
2019.05.10.03.53.48.577,772,367
2019.05.10.03.53.48.597,772,367
2019.05.10.03.53.48.617,772,367
2019.05.10.03.53.48.637,772,367
2019.05.10.03.53.48.657,772,367
2019.05.10.03.53.48.677,772,367
2019.05.10.03.53.48.698,772,367
2019.05.10.03.53.48.717,771,367
2019.05.10.03.53.48.738,771,367
2019.05.10.03.53.48.758,771,367
2019.05.10.03.53.48.776,771,367
2019.05.10.03.53.48.797,771,367
2019.05.10.03.53.48.817,771,367
2019.05.10.03.53.48.837,771,367
2019.05.10.03.53.48.857,771,367
2019.05.10.03.53.48.877,771,367
2019.05.10.03.53.48.897,771,367
2019.05.10.03.53.48.917,771,367
2019.05.10.03.53.48.937,771,367
2019.05.10.03.53.48.957,771,366
2019.05.10.03.53.48.977,771,364
2019.05.10.03.53.48.997,771,362
2019.05.10.03.53.49.017,771,358
2019.05.10.03.53.49.037,771,352
2019.05.10.03.53.49.057,771,345
2019.05.10.03.53.49.077,771,338
2019.05.10.03.53.49.097,771,327
2019.05.10.03.53.49.117,771,311
2019.05.10.03.53.49.137,773,292
2019.05.10.03.53.49.157,777,266
2019.05.10.03.53.49.177,780,242
2019.05.10.03.53.49.197,781,227
2019.05.10.03.53.49.217,782,216
2019.05.10.03.53.49.237,783,207
2019.05.10.03.53.49.258,783,199
2019.05.10.03.53.49.277,784,194
2019.05.10.03.53.49.296,784,190
2019.05.10.03.53.49.318,785,188
2019.05.10.03.53.49.337,785,186
2019.05.10.03.53.49.358,787,184
2019.05.10.03.53.49.377,787,184
2019.05.10.03.53.49.397,788,182
2019.05.10.03.53.49.416,788,182
2019.05.10.03.53.49.439,788,182
2019.05.10.03.53.49.458,788,184
2019.05.10.03.53.49.477,788,191
2019.05.10.03.53.49.497,788,197
2019.05.10.03.53.49.518,788,201
2019.05.10.03.53.49.538,788,204
2019.05.10.03.53.49.557,788,205
2019.05.10.03.53.49.576,788,206
2019.05.10.03.53.49.598,787,208
2019.05.10.03.53.49.617,786,210
2019.05.10.03.53.49.637,782,215
2019.05.10.03.53.49.657,774,221
2019.05.10.03.53.49.676,763,230
2019.05.10.03.53.49.698,744,244
2019.05.10.03.53.49.718,721,258
2019.05.10.03.53.49.737,702,269
2019.05.10.03.53.49.758,691,274
2019.05.10.03.53.49.777,684,275
2019.05.10.03.53.49.798,681,276
2019.05.10.03.53.49.817,679,276
2019.05.10.03.53.49.838,675,276
2019.05.10.03.53.49.857,671,275
2019.05.10.03.53.49.877,670,274
2019.05.10.03.53.49.897,667,273
2019.05.10.03.53.49.917,664,272
2019.05.10.03.53.49.937,662,271
2019.05.10.03.53.49.957,662,270
2019.05.10.03.53.49.977,660,270
2019.05.10.03.53.49.996,660,269
2019.05.10.03.53.50.017,660,269
2019.05.10.03.53.50.038,660,269
2019.05.10.03.53.50.057,660,269
2019.05.10.03.53.50.077,660,269
2019.05.10.03.53.50.097,660,269
2019.05.10.03.53.50.118,659,269
2019.05.10.03.53.50.137,659,269
2019.05.10.03.53.50.156,659,269
2019.05.10.03.53.50.176,659,269
2019.05.10.03.53.50.198,665,267
2019.05.10.03.53.50.217,677,263
2019.05.10.03.53.50.237,684,259
2019.05.10.03.53.50.256,684,258
2019.05.10.03.53.50.276,684,258
2019.05.10.03.53.50.297,684,258
2019.05.10.03.53.50.317,684,258
2019.05.10.03.53.50.337,684,258
2019.05.10.03.53.50.357,684,258
2019.05.10.03.53.50.377,684,258
2019.05.10.03.53.50.397,684,258
2019.05.10.03.53.50.418,684,258
2019.05.10.03.53.50.437,684,258
2019.05.10.03.53.50.456,684,258
2019.05.10.03.53.50.478,684,258
2019.05.10.03.53.50.497,684,258
2019.05.10.03.53.50.517,684,258
2019.05.10.03.53.50.537,684,258
2019.05.10.03.53.50.556,684,258
2019.05.10.03.53.50.576,684,258
2019.05.10.03.53.50.597,684,258
2019.05.10.03.53.50.617,684,258
2019.05.10.03.53.50.637,684,258
2019.05.10.03.53.50.658,684,258
2019.05.10.03.53.50.677,684,258
2019.05.10.03.53.50.697,684,258
2019.05.10.03.53.50.717,684,258
2019.05.10.03.53.50.738,684,258
2019.05.10.03.53.50.757,684,258
2019.05.10.03.53.50.777,684,258
2019.05.10.03.53.50.798,684,258
2019.05.10.03.53.50.817,684,258
2019.05.10.03.53.50.837,684,258
2019.05.10.03.53.50.856,684,258
2019.05.10.03.53.50.877,684,258
2019.05.10.03.53.50.897,684,258
2019.05.10.03.53.50.918,684,258
2019.05.10.03.53.50.937,684,258
2019.05.10.03.53.50.957,684,258
2019.05.10.03.53.50.977,684,258
2019.05.10.03.53.50.997,684,258
2019.05.10.03.53.51.016,684,258
2019.05.10.03.53.51.036,684,258
2019.05.10.03.53.51.057,684,258
2019.05.10.03.53.51.077,684,258
2019.05.10.03.53.51.097,684,258
2019.05.10.03.53.51.117,684,258
2019.05.10.03.53.51.137,684,258
2019.05.10.03.53.51.157,684,258
2019.05.10.03.53.51.178,684,258
2019.05.10.03.53.51.197,684,258
2019.05.10.03.53.51.216,684,258
2019.05.10.03.53.51.238,684,258
2019.05.10.03.53.51.257,684,258
2019.05.10.03.53.51.277,684,258
2019.05.10.03.53.51.298,684,258
2019.05.10.03.53.51.318,684,258
2019.05.10.03.53.51.338,684,258
2019.05.10.03.53.51.357,684,258
2019.05.10.03.53.51.377,684,258
2019.05.10.03.53.51.397,684,258
2019.05.10.03.53.51.417,684,258
2019.05.10.03.53.51.437,684,258
2019.05.10.03.53.51.457,684,258
2019.05.10.03.53.51.477,684,258
2019.05.10.03.53.51.496,684,258
2019.05.10.03.53.51.517,684,258
2019.05.10.03.53.51.536,684,258
2019.05.10.03.53.51.556,684,258
2019.05.10.03.53.51.577,684,258
2019.05.10.03.53.51.597,684,258
2019.05.10.03.53.51.616,684,258
2019.05.10.03.53.51.637,684,258
2019.05.10.03.53.51.657,684,258
2019.05.10.03.53.51.677,684,258
2019.05.10.03.53.51.697,684,258
2019.05.10.03.53.51.717,684,258
2019.05.10.03.53.51.737,684,258
2019.05.10.03.53.51.758,684,258
2019.05.10.03.53.51.776,684,258
2019.05.10.03.53.51.796,684,258
2019.05.10.03.53.51.818,684,258
2019.05.10.03.53.51.838,684,258
2019.05.10.03.53.51.857,684,258
2019.05.10.03.53.51.877,684,258
2019.05.10.03.53.51.897,684,258
2019.05.10.03.53.51.918,684,258
2019.05.10.03.53.51.938,684,258
2019.05.10.03.53.51.957,684,258
2019.05.10.03.53.51.977,684,258
2019.05.10.03.53.51.996,684,258
2019.05.10.03.53.52.017,684,258
2019.05.10.03.53.52.037,684,258
2019.05.10.03.53.52.057,684,258
2019.05.10.03.53.52.077,684,258
2019.05.10.03.53.52.097,684,258
2019.05.10.03.53.52.117,684,258
2019.05.10.03.53.52.137,684,258
2019.05.10.03.53.52.157,684,258
2019.05.10.03.53.52.178,684,258
2019.05.10.03.53.52.197,684,258
2019.05.10.03.53.52.217,684,258
2019.05.10.03.53.52.237,684,258
2019.05.10.03.53.52.257,684,258
2019.05.10.03.53.52.277,684,258
2019.05.10.03.53.52.297,685,258
2019.05.10.03.53.52.317,685,260
2019.05.10.03.53.52.337,685,258
2019.05.10.03.53.52.357,685,259
2019.05.10.03.53.52.377,685,260
2019.05.10.03.53.52.397,685,260
2019.05.10.03.53.52.416,685,259
2019.05.10.03.53.52.436,685,259
2019.05.10.03.53.52.458,685,259
2019.05.10.03.53.52.477,685,259
2019.05.10.03.53.52.496,685,259
2019.05.10.03.53.52.517,685,259
2019.05.10.03.53.52.536,684,260
2019.05.10.03.53.52.557,680,267
2019.05.10.03.53.52.577,674,276
2019.05.10.03.53.52.597,668,287
2019.05.10.03.53.52.617,662,296
2019.05.10.03.53.52.637,658,304
2019.05.10.03.53.52.657,657,310
2019.05.10.03.53.52.678,656,312
2019.05.10.03.53.52.697,656,312
2019.05.10.03.53.52.718,656,312
2019.05.10.03.53.52.737,656,313
2019.05.10.03.53.52.756,656,313
2019.05.10.03.53.52.777,656,313
2019.05.10.03.53.52.797,656,313
2019.05.10.03.53.52.817,655,314
2019.05.10.03.53.52.837,654,315
2019.05.10.03.53.52.857,653,317
2019.05.10.03.53.52.877,653,317
2019.05.10.03.53.52.897,653,317
2019.05.10.03.53.52.918,653,317
2019.05.10.03.53.52.938,653,317
2019.05.10.03.53.52.958,653,317
2019.05.10.03.53.52.978,653,316
2019.05.10.03.53.52.997,653,314
2019.05.10.03.53.53.016,655,310
2019.05.10.03.53.53.038,662,305
2019.05.10.03.53.53.057,669,299
2019.05.10.03.53.53.078,679,291
2019.05.10.03.53.53.097,690,281
2019.05.10.03.53.53.117,706,269
2019.05.10.03.53.53.137,721,259
2019.05.10.03.53.53.157,735,249
2019.05.10.03.53.53.177,746,241
2019.05.10.03.53.53.197,753,235
2019.05.10.03.53.53.218,756,233
2019.05.10.03.53.53.237,758,231
2019.05.10.03.53.53.257,761,229
2019.05.10.03.53.53.278,765,226
2019.05.10.03.53.53.297,768,224
2019.05.10.03.53.53.318,771,223
2019.05.10.03.53.53.337,771,222
2019.05.10.03.53.53.357,771,222
2019.05.10.03.53.53.377,772,224
2019.05.10.03.53.53.397,775,233
2019.05.10.03.53.53.417,780,251
2019.05.10.03.53.53.437,787,274
2019.05.10.03.53.53.456,795,303
2019.05.10.03.53.53.476,802,332
2019.05.10.03.53.53.498,809,356
2019.05.10.03.53.53.518,816,374
2019.05.10.03.53.53.537,820,388
2019.05.10.03.53.53.557,823,398
2019.05.10.03.53.53.577,825,404
2019.05.10.03.53.53.597,826,407
2019.05.10.03.53.53.617,826,410
2019.05.10.03.53.53.637,826,413
2019.05.10.03.53.53.658,826,416
2019.05.10.03.53.53.677,826,417
2019.05.10.03.53.53.697,826,418
2019.05.10.03.53.53.716,826,419
2019.05.10.03.53.53.737,826,419
2019.05.10.03.53.53.757,826,421
2019.05.10.03.53.53.777,826,425
2019.05.10.03.53.53.798,824,429
2019.05.10.03.53.53.816,823,433
2019.05.10.03.53.53.838,823,438
2019.05.10.03.53.53.858,823,441
2019.05.10.03.53.53.878,823,442
2019.05.10.03.53.53.898,823,442
2019.05.10.03.53.53.916,823,442
2019.05.10.03.53.53.938,823,442
2019.05.10.03.53.53.958,823,442
2019.05.10.03.53.53.976,823,442
2019.05.10.03.53.53.999,823,442
2019.05.10.03.53.54.018,822,442
2019.05.10.03.53.54.037,822,441
2019.05.10.03.53.54.058,820,435
2019.05.10.03.53.54.077,815,426
2019.05.10.03.53.54.097,809,411
2019.05.10.03.53.54.117,801,387
2019.05.10.03.53.54.137,789,356
2019.05.10.03.53.54.157,777,323
2019.05.10.03.53.54.177,767,296
2019.05.10.03.53.54.197,758,272
2019.05.10.03.53.54.217,752,250
2019.05.10.03.53.54.237,747,232
2019.05.10.03.53.54.257,745,220
2019.05.10.03.53.54.277,743,212
2019.05.10.03.53.54.296,742,209
2019.05.10.03.53.54.316,742,205
2019.05.10.03.53.54.337,742,203
2019.05.10.03.53.54.358,743,201
2019.05.10.03.53.54.378,745,197
2019.05.10.03.53.54.398,747,193
2019.05.10.03.53.54.418,749,188
2019.05.10.03.53.54.437,750,185
2019.05.10.03.53.54.457,752,181
2019.05.10.03.53.54.477,754,176
2019.05.10.03.53.54.496,758,172
2019.05.10.03.53.54.517,760,170
2019.05.10.03.53.54.537,760,169
2019.05.10.03.53.54.557,760,169
2019.05.10.03.53.54.578,760,169
2019.05.10.03.53.54.598,760,169
2019.05.10.03.53.54.616,760,169
2019.05.10.03.53.54.638,760,169
2019.05.10.03.53.54.658,760,169
2019.05.10.03.53.54.678,760,169
2019.05.10.03.53.54.696,760,169
2019.05.10.03.53.54.717,760,169
2019.05.10.03.53.54.738,760,169
2019.05.10.03.53.54.757,760,171
2019.05.10.03.53.54.777,760,171
2019.05.10.03.53.54.798,760,171
2019.05.10.03.53.54.817,760,171
2019.05.10.03.53.54.837,760,171
2019.05.10.03.53.54.857,760,171
2019.05.10.03.53.54.877,760,171
2019.05.10.03.53.54.897,760,171
2019.05.10.03.53.54.917,760,171
2019.05.10.03.53.54.937,760,171
2019.05.10.03.53.54.958,760,171
2019.05.10.03.53.54.977,760,171
2019.05.10.03.53.54.997,760,171
2019.05.10.03.53.55.018,760,171
2019.05.10.03.53.55.036,760,171
2019.05.10.03.53.55.057,760,171
2019.05.10.03.53.55.078,760,171
2019.05.10.03.53.55.097,760,171
2019.05.10.03.53.55.117,760,171
2019.05.10.03.53.55.138,760,171
2019.05.10.03.53.55.156,760,171
2019.05.10.03.53.55.178,760,171
2019.05.10.03.53.55.197,760,171
2019.05.10.03.53.55.217,760,171
2019.05.10.03.53.55.237,760,171
2019.05.10.03.53.55.257,760,171
2019.05.10.03.53.55.276,760,171
2019.05.10.03.53.55.296,760,171
2019.05.10.03.53.55.316,760,171
2019.05.10.03.53.55.336,760,171
2019.05.10.03.53.55.357,760,171
2019.05.10.03.53.55.376,760,171
2019.05.10.03.53.55.397,760,171
2019.05.10.03.53.55.417,760,171
2019.05.10.03.53.55.437,760,171
2019.05.10.03.53.55.457,760,171
2019.05.10.03.53.55.477,760,171
2019.05.10.03.53.55.497,760,171
2019.05.10.03.53.55.517,760,171
2019.05.10.03.53.55.537,760,171
2019.05.10.03.53.55.557,760,171
2019.05.10.03.53.55.578,760,171
2019.05.10.03.53.55.597,760,171
2019.05.10.03.53.55.617,760,171
2019.05.10.03.53.55.638,760,171
2019.05.10.03.53.55.657,760,171
2019.05.10.03.53.55.677,760,171
2019.05.10.03.53.55.697,760,171
2019.05.10.03.53.55.717,760,171
2019.05.10.03.53.55.737,760,171
2019.05.10.03.53.55.757,760,171
2019.05.10.03.53.55.776,760,171
2019.05.10.03.53.55.798,760,171
2019.05.10.03.53.55.817,760,171
2019.05.10.03.53.55.837,760,171
2019.05.10.03.53.55.857,760,171
2019.05.10.03.53.55.877,760,171
2019.05.10.03.53.55.897,760,171
2019.05.10.03.53.55.917,760,171
2019.05.10.03.53.55.937,760,171
2019.05.10.03.53.55.957,760,171
2019.05.10.03.53.55.977,760,171
2019.05.10.03.53.55.998,760,171
2019.05.10.03.53.56.017,760,171
2019.05.10.03.53.56.037,760,171
2019.05.10.03.53.56.057,760,171
2019.05.10.03.53.56.077,760,171
2019.05.10.03.53.56.096,760,171
2019.05.10.03.53.56.116,760,171
2019.05.10.03.53.56.138,760,171
2019.05.10.03.53.56.157,760,171
2019.05.10.03.53.56.176,760,171
2019.05.10.03.53.56.198,760,171
2019.05.10.03.53.56.216,760,171
2019.05.10.03.53.56.237,760,171
2019.05.10.03.53.56.256,760,171
2019.05.10.03.53.56.277,760,171
2019.05.10.03.53.56.296,760,171
2019.05.10.03.53.56.318,760,171
2019.05.10.03.53.56.336,760,171
2019.05.10.03.53.56.356,760,171
2019.05.10.03.53.56.376,760,171
2019.05.10.03.53.56.396,760,171
2019.05.10.03.53.56.418,760,171
2019.05.10.03.53.56.438,760,171
2019.05.10.03.53.56.457,760,171
2019.05.10.03.53.56.477,760,171
2019.05.10.03.53.56.497,760,171
2019.05.10.03.53.56.517,760,171
2019.05.10.03.53.56.537,760,171
2019.05.10.03.53.56.557,760,171
2019.05.10.03.53.56.577,760,171
2019.05.10.03.53.56.596,760,171
2019.05.10.03.53.56.617,760,171
2019.05.10.03.53.56.637,760,171
2019.05.10.03.53.56.656,760,171
2019.05.10.03.53.56.678,760,171
2019.05.10.03.53.56.697,760,171
2019.05.10.03.53.56.717,760,171
2019.05.10.03.53.56.737,760,171
2019.05.10.03.53.56.757,760,171
2019.05.10.03.53.56.777,760,171
2019.05.10.03.53.56.797,760,171
2019.05.10.03.53.56.818,760,171
2019.05.10.03.53.56.837,760,171
2019.05.10.03.53.56.857,760,171
2019.05.10.03.53.56.877,760,171
2019.05.10.03.53.56.896,760,171
2019.05.10.03.53.56.917,760,171
2019.05.10.03.53.56.938,760,171
2019.05.10.03.53.56.957,760,171
2019.05.10.03.53.56.977,760,171
2019.05.10.03.53.56.997,760,171
2019.05.10.03.53.57.017,760,171
2019.05.10.03.53.57.036,760,171
2019.05.10.03.53.57.057,760,171
2019.05.10.03.53.57.077,760,171
2019.05.10.03.53.57.098,760,171
2019.05.10.03.53.57.117,760,171
2019.05.10.03.53.57.137,760,171
2019.05.10.03.53.57.158,760,171
2019.05.10.03.53.57.176,760,171
2019.05.10.03.53.57.198,760,171
2019.05.10.03.53.57.217,760,171
2019.05.10.03.53.57.237,760,171
2019.05.10.03.53.57.257,760,171
2019.05.10.03.53.57.277,760,171
2019.05.10.03.53.57.298,760,171
2019.05.10.03.53.57.317,760,171
2019.05.10.03.53.57.337,760,171
2019.05.10.03.53.57.357,760,171
2019.05.10.03.53.57.377,760,171
2019.05.10.03.53.57.397,760,171
2019.05.10.03.53.57.417,760,171
2019.05.10.03.53.57.437,760,171
2019.05.10.03.53.57.457,760,171
2019.05.10.03.53.57.476,760,171
2019.05.10.03.53.57.497,760,171
2019.05.10.03.53.57.517,760,171
2019.05.10.03.53.57.536,760,171
2019.05.10.03.53.57.558,760,171
2019.05.10.03.53.57.578,760,171
2019.05.10.03.53.57.597,760,171
2019.05.10.03.53.57.616,760,171
2019.05.10.03.53.57.637,760,171
2019.05.10.03.53.57.658,760,171
2019.05.10.03.53.57.677,760,171
2019.05.10.03.53.57.697,760,171
2019.05.10.03.53.57.718,760,171
2019.05.10.03.53.57.737,760,171
2019.05.10.03.53.57.757,760,171
2019.05.10.03.53.57.777,760,171
2019.05.10.03.53.57.797,760,171
2019.05.10.03.53.57.818,760,171
2019.05.10.03.53.57.837,760,171
2019.05.10.03.53.57.857,760,171
2019.05.10.03.53.57.877,760,171
2019.05.10.03.53.57.898,760,171
2019.05.10.03.53.57.917,760,171
2019.05.10.03.53.57.936,760,171
2019.05.10.03.53.57.958,760,171
2019.05.10.03.53.57.978,760,171
2019.05.10.03.53.57.997,760,171
2019.05.10.03.53.58.018,760,171
2019.05.10.03.53.58.037,760,171
2019.05.10.03.53.58.056,760,171
2019.05.10.03.53.58.077,760,171
2019.05.10.03.53.58.096,760,171
2019.05.10.03.53.58.117,760,171
2019.05.10.03.53.58.138,760,171
2019.05.10.03.53.58.157,760,171
2019.05.10.03.53.58.177,760,171
2019.05.10.03.53.58.197,760,171
2019.05.10.03.53.58.218,760,171
2019.05.10.03.53.58.237,760,171
2019.05.10.03.53.58.258,760,171
2019.05.10.03.53.58.277,760,171
2019.05.10.03.53.58.297,760,171
2019.05.10.03.53.58.317,760,171
2019.05.10.03.53.58.338,760,171
2019.05.10.03.53.58.358,760,171
2019.05.10.03.53.58.377,760,171
2019.05.10.03.53.58.397,760,171
2019.05.10.03.53.58.416,760,171
2019.05.10.03.53.58.438,760,171
2019.05.10.03.53.58.456,760,171
2019.05.10.03.53.58.477,760,171
2019.05.10.03.53.58.497,760,171
2019.05.10.03.53.58.517,760,171
2019.05.10.03.53.58.536,760,171
2019.05.10.03.53.58.558,760,171
2019.05.10.03.53.58.577,760,171
2019.05.10.03.53.58.597,760,171
2019.05.10.03.53.58.617,760,171
2019.05.10.03.53.58.636,760,171
2019.05.10.03.53.58.657,760,171
2019.05.10.03.53.58.677,760,171
2019.05.10.03.53.58.697,760,171
2019.05.10.03.53.58.718,760,171
2019.05.10.03.53.58.736,760,171
2019.05.10.03.53.58.756,760,171
2019.05.10.03.53.58.777,760,171
2019.05.10.03.53.58.798,760,171
2019.05.10.03.53.58.817,760,171
2019.05.10.03.53.58.837,760,171
2019.05.10.03.53.58.857,760,171
2019.05.10.03.53.58.877,760,171
2019.05.10.03.53.58.897,760,171
2019.05.10.03.53.58.918,760,171
2019.05.10.03.53.58.938,760,171
2019.05.10.03.53.58.957,760,171
2019.05.10.03.53.58.977,760,171
2019.05.10.03.53.58.997,760,171
2019.05.10.03.53.59.018,760,171
2019.05.10.03.53.59.037,760,171
2019.05.10.03.53.59.057,760,171
2019.05.10.03.53.59.077,760,171
2019.05.10.03.53.59.097,760,171
2019.05.10.03.53.59.117,760,171
2019.05.10.03.53.59.138,760,171
2019.05.10.03.53.59.156,760,171
2019.05.10.03.53.59.177,760,171
2019.05.10.03.53.59.197,760,171
2019.05.10.03.53.59.217,760,171
2019.05.10.03.53.59.236,760,171
2019.05.10.03.53.59.258,760,171
2019.05.10.03.53.59.278,760,171
2019.05.10.03.53.59.298,760,171
2019.05.10.03.53.59.318,760,171
