Timestamp,Key
2019.05.10.03.39.54.731,1
2019.05.10.03.43.30.131,1
2019.05.10.03.43.34.178,1
2019.05.10.03.43.34.337,1
2019.05.10.03.43.34.602,7
2019.05.10.03.43.34.863,6
2019.05.10.03.43.38.819,q
2019.05.10.03.43.39.000,e
2019.05.10.03.43.39.251,m
2019.05.10.03.43.39.616,
2019.05.10.03.43.39.755,
2019.05.10.03.43.39.835,
2019.05.10.03.43.39.959,
2019.05.10.03.43.40.065,a
2019.05.10.03.43.40.245,m
2019.05.10.03.43.40.506,
2019.05.10.03.43.40.701,d
2019.05.10.03.43.40.790,m
2019.05.10.03.43.40.966,i
2019.05.10.03.43.41.071,n
2019.05.10.03.43.41.251,	
2019.05.10.03.43.41.372,p
2019.05.10.03.43.41.562,a
2019.05.10.03.43.41.667,s
2019.05.10.03.43.41.821,s
2019.05.10.03.43.41.991,w
2019.05.10.03.43.42.107,o
2019.05.10.03.43.42.712,d
2019.05.10.03.43.47.870,o
2019.05.10.03.43.48.214,
2019.05.10.03.43.48.364,
2019.05.10.03.43.48.619,p
2019.05.10.03.43.48.780,a
2019.05.10.03.43.48.885,s
2019.05.10.03.43.49.061,s
2019.05.10.03.43.49.260,w
2019.05.10.03.43.49.385,o
2019.05.10.03.43.49.545,r
2019.05.10.03.43.49.891,d
2019.05.10.03.53.38.334,1
2019.05.10.03.53.41.067,1
2019.05.10.03.53.41.205,1
2019.05.10.03.53.41.388,7
2019.05.10.03.53.41.611,2
2019.05.10.03.53.45.659,a
2019.05.10.03.53.45.819,d
2019.05.10.03.53.45.935,m
2019.05.10.03.53.46.029,i
2019.05.10.03.53.46.149,n
2019.05.10.03.53.46.295,	
2019.05.10.03.53.46.464,p
2019.05.10.03.53.46.649,a
2019.05.10.03.53.46.814,s
2019.05.10.03.53.47.005,s
2019.05.10.03.53.47.175,w
2019.05.10.03.53.47.280,o
2019.05.10.03.53.47.459,r
2019.05.10.03.53.48.447,d
2019.05.10.03.53.51.138,1
2019.05.10.03.53.51.307,1
2019.05.10.03.53.51.467,4
2019.05.10.03.53.51.637,1
2019.05.10.03.53.56.105,s
2019.05.10.03.53.56.220,k
2019.05.10.03.53.56.374,y
2019.05.10.03.53.56.580,p
2019.05.10.03.53.56.786,w
2019.05.10.03.53.56.931,d
2019.05.10.03.53.57.196,
2019.05.10.03.53.57.357,
2019.05.10.03.53.57.416,
2019.05.10.03.53.57.535,
2019.05.10.03.53.57.771,	
2019.05.10.03.53.58.883,s
2019.05.10.03.53.58.972,k
2019.05.10.03.53.59.113,y
